TEAM_ID,Team,Player_ID,MIN,FGM,FGA,FG_PCT,FG3M,FG3A,FG3_PCT,FTM,FTA,FT_PCT,OREB,DREB,REB,AST,STL,BLK,TOV,PF,PTS,GP,PER
1610612737.0,Atlanta Hawks,16290270.0,323.0,83.0,191.0,4.343,19.0,73.0,2.469,55.0,63.0,7.947,13.0,34.0,47.0,104.0,12.0,1.0,33.0,19.0,240.0,10.0,25.5
1610612737.0,Atlanta Hawks,2039920.0,280.0,55.0,116.0,4.856999999999999,26.0,53.0,4.752,17.0,21.0,5.917,11.0,20.0,31.0,38.0,8.0,2.0,10.0,11.0,153.0,10.0,15.7
1610612737.0,Atlanta Hawks,2039910.0,303.0,66.0,97.0,6.775,0.0,0.0,0.0,24.0,34.0,7.6,39.0,101.0,140.0,18.0,5.0,13.0,11.0,18.0,156.0,10.0,28.0
1610612737.0,Atlanta Hawks,2020830.0,288.0,30.0,83.0,3.613,15.0,46.0,3.1159999999999997,9.0,12.0,4.25,7.0,18.0,25.0,28.0,6.0,3.0,11.0,20.0,84.0,10.0,7.9
